{
  "metadata": {
    "date": "2025-05-02 21:48:12",
    "target_variable": "crime_count",
    "years": [
      2022,
      2023,
      2024
    ],
    "data_shape": [
      2808,
      44
    ],
    "train_shape": [
      936,
      21
    ],
    "val_shape": [
      936,
      21
    ],
    "test_shape": [
      936,
      21
    ],
    "best_model": "Gradient Boosting",
    "features_used": [
      "month",
      "rolling_std_3m",
      "month_1",
      "month_2",
      "month_3",
      "month_4",
      "month_5",
      "month_6",
      "month_7",
      "month_8",
      "month_9",
      "month_10",
      "month_11",
      "month_12",
      "quarter_1",
      "quarter_2",
      "quarter_3",
      "quarter_4",
      "percent_households_below_poverty",
      "percent_aged_25_without_high_school_diploma",
      "percent_aged_under_18_or_over_64"
    ],
    "fairness_mitigation_applied": false
  },
  "model_results": {
    "Ridge": {
      "rmse": 213.52739667432337,
      "r2": "0.10892167917288487",
      "mae": "156.29358348297674"
    },
    "Gradient Boosting": {
      "rmse": 132.00116414304765,
      "r2": "0.6594630906546533",
      "mae": "93.55211450436748"
    },
    "Mixed Effects": {
      "rmse": 225.1535888111365,
      "r2": "0.009244675655440848",
      "mae": "166.91685987040955"
    },
    "Baseline": {
      "rmse": 227.04459455806557,
      "r2": "-0.007467397553479804",
      "mae": "168.96877054569364"
    }
  },
  "fairness_results": {
    "hardship_quartile": {
      "category_results": {
        "High": {
          "rmse": 147.25652687986286,
          "mae": "105.15439869014637",
          "mean_prediction": 301.3562074061078,
          "median_prediction": 249.06684307138534
        },
        "Low": {
          "rmse": 129.87597098510417,
          "mae": "92.39895777747239",
          "mean_prediction": 287.87218699724787,
          "median_prediction": 229.7033949321152
        },
        "Medium-High": {
          "rmse": 144.68895922480473,
          "mae": "102.63492254536456",
          "mean_prediction": 220.4476561890994,
          "median_prediction": 186.45793318482276
        },
        "Medium-Low": {
          "rmse": 102.9495998966509,
          "mae": "75.05443361582539",
          "mean_prediction": 184.14280872932406,
          "median_prediction": 157.7656063903346
        }
      },
      "disparities": {
        "rmse": 44.306926983211966,
        "mae": "30.099965074320977",
        "mean_prediction": 117.21339867678373,
        "median_prediction": 91.30123668105074
      }
    }
  }
}